{
  "config_id": "xgboost_corr0.75_kAll_anova_glo",
  "config": {
    "model_type": "xgboost",
    "model_params": {},
    "feature_selection": {
      "correlation_threshold": 0.75,
      "top_k_features": null,
      "selection_method": "anova",
      "scope": "global",
      "random_state": 42
    },
    "random_state": 42,
    "config_id": "xgboost_corr0.75_kAll_anova_glo"
  },
  "accuracy_mean": 0.8249998423935396,
  "accuracy_std": 0.07034803308845901,
  "kappa_mean": 0.6788509168507046,
  "kappa_std": 0.12536781424661111,
  "f1_macro_mean": 0.5953470341301482,
  "f1_macro_std": 0.0953615334323098,
  "f1_per_class_mean": {
    "Wake": 0.8161583419952089,
    "N1": 0.14560315211819524,
    "N2": 0.8833990639952909,
    "N3": 0.3074569500080151,
    "REM": 0.674409902856552
  },
  "total_train_time": 0.0,
  "total_predict_time": 1.0295686721801758,
  "meets_accuracy_target": "False",
  "meets_kappa_target": "False",
  "meets_f1_target": "False",
  "n_folds": 128
}