{
  "config_id": "xgboost_corrNone_kAll_anova_glo",
  "config": {
    "model_type": "xgboost",
    "model_params": {},
    "feature_selection": {
      "correlation_threshold": null,
      "top_k_features": null,
      "selection_method": "anova",
      "scope": "global",
      "random_state": 42
    },
    "random_state": 42,
    "config_id": "xgboost_corrNone_kAll_anova_glo"
  },
  "accuracy_mean": 0.8549529536226255,
  "accuracy_std": 0.06169092997904939,
  "kappa_mean": 0.7369380016881278,
  "kappa_std": 0.10473729436215631,
  "f1_macro_mean": 0.6362189892502201,
  "f1_macro_std": 0.08715860934465451,
  "f1_per_class_mean": {
    "Wake": 0.8570874160027553,
    "N1": 0.1891375536181884,
    "N2": 0.9024821362370419,
    "N3": 0.30623890438200374,
    "REM": 0.7695952332308637
  },
  "total_train_time": 0.0,
  "total_predict_time": 1.2937078475952148,
  "meets_accuracy_target": "True",
  "meets_kappa_target": "False",
  "meets_f1_target": "False",
  "n_folds": 128
}