{
  "config_id": "xgboost_corr0.9_k30_anova_glo",
  "config": {
    "model_type": "xgboost",
    "model_params": {},
    "feature_selection": {
      "correlation_threshold": 0.9,
      "top_k_features": 30,
      "selection_method": "anova",
      "scope": "global",
      "random_state": 42
    },
    "random_state": 42,
    "config_id": "xgboost_corr0.9_k30_anova_glo"
  },
  "accuracy_mean": 0.8171183572103843,
  "accuracy_std": 0.06403037324095849,
  "kappa_mean": 0.6628444616442186,
  "kappa_std": 0.11574186565645722,
  "f1_macro_mean": 0.5828172117006337,
  "f1_macro_std": 0.0875326044403844,
  "f1_per_class_mean": {
    "Wake": 0.804009883350453,
    "N1": 0.11474319828599559,
    "N2": 0.8756939598510097,
    "N3": 0.2977364455387136,
    "REM": 0.6830238422743913
  },
  "total_train_time": 0.0,
  "total_predict_time": 1.066979169845581,
  "meets_accuracy_target": "False",
  "meets_kappa_target": "False",
  "meets_f1_target": "False",
  "n_folds": 128
}