{
  "config_id": "xgboost_corr0.9_k50_anova_glo",
  "config": {
    "model_type": "xgboost",
    "model_params": {},
    "feature_selection": {
      "correlation_threshold": 0.9,
      "top_k_features": 50,
      "selection_method": "anova",
      "scope": "global",
      "random_state": 42
    },
    "random_state": 42,
    "config_id": "xgboost_corr0.9_k50_anova_glo"
  },
  "accuracy_mean": 0.832441090494461,
  "accuracy_std": 0.06536287107079375,
  "kappa_mean": 0.6937896477699276,
  "kappa_std": 0.11349303245013237,
  "f1_macro_mean": 0.6042480051578447,
  "f1_macro_std": 0.08961667753081236,
  "f1_per_class_mean": {
    "Wake": 0.826368325224679,
    "N1": 0.16771313193311807,
    "N2": 0.887060266648868,
    "N3": 0.29264394681159,
    "REM": 0.7010344078370236
  },
  "total_train_time": 0.0,
  "total_predict_time": 1.0724685192108154,
  "meets_accuracy_target": "False",
  "meets_kappa_target": "False",
  "meets_f1_target": "False",
  "n_folds": 128
}