{
  "config_id": "random_forest_corr0.9_k30_anova_glo",
  "config": {
    "model_type": "random_forest",
    "model_params": {},
    "feature_selection": {
      "correlation_threshold": 0.9,
      "top_k_features": 30,
      "selection_method": "anova",
      "scope": "global",
      "random_state": 42
    },
    "random_state": 42,
    "config_id": "random_forest_corr0.9_k30_anova_glo"
  },
  "accuracy_mean": 0.8059008332893238,
  "accuracy_std": 0.06389534461672124,
  "kappa_mean": 0.6306301175746529,
  "kappa_std": 0.1224221007157157,
  "f1_macro_mean": 0.5497146774307393,
  "f1_macro_std": 0.09048525916020031,
  "f1_per_class_mean": {
    "Wake": 0.7940475254458714,
    "N1": 0.07753586581425365,
    "N2": 0.8682414890016569,
    "N3": 0.2493807747556404,
    "REM": 0.6346490218543979
  },
  "total_train_time": 3193.6003506183624,
  "total_predict_time": 16.071260452270508,
  "meets_accuracy_target": "False",
  "meets_kappa_target": "False",
  "meets_f1_target": "False",
  "n_folds": 128
}