{
  "config_id": "xgboost_corrNone_k50_anova_glo",
  "config": {
    "model_type": "xgboost",
    "model_params": {},
    "feature_selection": {
      "correlation_threshold": null,
      "top_k_features": 50,
      "selection_method": "anova",
      "scope": "global",
      "random_state": 42
    },
    "random_state": 42,
    "config_id": "xgboost_corrNone_k50_anova_glo"
  },
  "accuracy_mean": 0.8297910830282897,
  "accuracy_std": 0.0609747742784737,
  "kappa_mean": 0.6860809173838565,
  "kappa_std": 0.11126466614097588,
  "f1_macro_mean": 0.5985645440082694,
  "f1_macro_std": 0.08563266573546904,
  "f1_per_class_mean": {
    "Wake": 0.840073590648774,
    "N1": 0.13564092353773202,
    "N2": 0.8833722242050919,
    "N3": 0.3071522634189856,
    "REM": 0.6992665423758606
  },
  "total_train_time": 1353.6045715808868,
  "total_predict_time": 1.2582335472106934,
  "meets_accuracy_target": "False",
  "meets_kappa_target": "False",
  "meets_f1_target": "False",
  "n_folds": 128
}