{
  "config_id": "random_forest_corr0.75_kAll_anova_glo",
  "config": {
    "model_type": "random_forest",
    "model_params": {},
    "feature_selection": {
      "correlation_threshold": 0.75,
      "top_k_features": null,
      "selection_method": "anova",
      "scope": "global",
      "random_state": 42
    },
    "random_state": 42,
    "config_id": "random_forest_corr0.75_kAll_anova_glo"
  },
  "accuracy_mean": 0.7976618741319998,
  "accuracy_std": 0.0733402284037195,
  "kappa_mean": 0.609408169279416,
  "kappa_std": 0.13300942883830358,
  "f1_macro_mean": 0.5276167541840242,
  "f1_macro_std": 0.09236638114095058,
  "f1_per_class_mean": {
    "Wake": 0.7727394619562686,
    "N1": 0.04528193967713828,
    "N2": 0.8646458255858567,
    "N3": 0.2213497158268156,
    "REM": 0.5903306796431238
  },
  "total_train_time": 0.0,
  "total_predict_time": 20.866150617599487,
  "meets_accuracy_target": "False",
  "meets_kappa_target": "False",
  "meets_f1_target": "False",
  "n_folds": 128
}