{
  "config_id": "xgboost_corr0.75_k30_anova_glo",
  "config": {
    "model_type": "xgboost",
    "model_params": {},
    "feature_selection": {
      "correlation_threshold": 0.75,
      "top_k_features": 30,
      "selection_method": "anova",
      "scope": "global",
      "random_state": 42
    },
    "random_state": 42,
    "config_id": "xgboost_corr0.75_k30_anova_glo"
  },
  "accuracy_mean": 0.8122874775771187,
  "accuracy_std": 0.07053197006121195,
  "kappa_mean": 0.6561273391612404,
  "kappa_std": 0.11755557139549644,
  "f1_macro_mean": 0.5741467688112691,
  "f1_macro_std": 0.08986299112487002,
  "f1_per_class_mean": {
    "Wake": 0.7967307944175024,
    "N1": 0.13853028088179967,
    "N2": 0.8755683983954388,
    "N3": 0.28744088708990684,
    "REM": 0.6384877404047807
  },
  "total_train_time": 0.0,
  "total_predict_time": 1.02073335647583,
  "meets_accuracy_target": "False",
  "meets_kappa_target": "False",
  "meets_f1_target": "False",
  "n_folds": 128
}