{
  "config_id": "xgboost_corrNone_k30_anova_glo",
  "config": {
    "model_type": "xgboost",
    "model_params": {},
    "feature_selection": {
      "correlation_threshold": null,
      "top_k_features": 30,
      "selection_method": "anova",
      "scope": "global",
      "random_state": 42
    },
    "random_state": 42,
    "config_id": "xgboost_corrNone_k30_anova_glo"
  },
  "accuracy_mean": 0.7842355175084703,
  "accuracy_std": 0.06835967462977478,
  "kappa_mean": 0.5966448620087854,
  "kappa_std": 0.12601152563591042,
  "f1_macro_mean": 0.5425506547920278,
  "f1_macro_std": 0.08985775022104216,
  "f1_per_class_mean": {
    "Wake": 0.7916861084373137,
    "N1": 0.0860583521642356,
    "N2": 0.8500901275800992,
    "N3": 0.3003321271984144,
    "REM": 0.5592660993525903
  },
  "total_train_time": 0.0,
  "total_predict_time": 1.1548852920532227,
  "meets_accuracy_target": "False",
  "meets_kappa_target": "False",
  "meets_f1_target": "False",
  "n_folds": 128
}