{
  "config_id": "xgboost_corr0.9_kAll_anova_glo",
  "config": {
    "model_type": "xgboost",
    "model_params": {},
    "feature_selection": {
      "correlation_threshold": 0.9,
      "top_k_features": null,
      "selection_method": "anova",
      "scope": "global",
      "random_state": 42
    },
    "random_state": 42,
    "config_id": "xgboost_corr0.9_kAll_anova_glo"
  },
  "accuracy_mean": 0.8460212945898544,
  "accuracy_std": 0.06290664735866464,
  "kappa_mean": 0.7214437636070844,
  "kappa_std": 0.10556101944501783,
  "f1_macro_mean": 0.6271630703248643,
  "f1_macro_std": 0.08644688612108276,
  "f1_per_class_mean": {
    "Wake": 0.8358361017755769,
    "N1": 0.18058026616320466,
    "N2": 0.8964029328813099,
    "N3": 0.30763099189385357,
    "REM": 0.7499336275115569
  },
  "total_train_time": 0.0,
  "total_predict_time": 1.1530625820159912,
  "meets_accuracy_target": "False",
  "meets_kappa_target": "False",
  "meets_f1_target": "False",
  "n_folds": 128
}