{
  "config_id": "xgboost_corr0.9_kAll_anova_glo",
  "config": {
    "model_type": "xgboost",
    "model_params": {},
    "feature_selection": {
      "correlation_threshold": 0.9,
      "top_k_features": null,
      "selection_method": "anova",
      "scope": "global",
      "random_state": 42
    },
    "random_state": 42,
    "config_id": "xgboost_corr0.9_kAll_anova_glo"
  },
  "accuracy_mean": 0.8438921768020748,
  "accuracy_std": 0.06283884750968242,
  "kappa_mean": 0.717536720156985,
  "kappa_std": 0.10394043791742345,
  "f1_macro_mean": 0.6177612794984588,
  "f1_macro_std": 0.0888630781336933,
  "f1_per_class_mean": {
    "Wake": 0.8334740428547507,
    "N1": 0.1737942807623037,
    "N2": 0.8942112327903667,
    "N3": 0.29433262744897887,
    "REM": 0.7479570855773279
  },
  "total_train_time": 0.0,
  "total_predict_time": 0.6938040256500244,
  "meets_accuracy_target": "False",
  "meets_kappa_target": "False",
  "meets_f1_target": "False",
  "n_folds": 128
}