{
  "config_id": "xgboost_corrNone_k30_anova_glo",
  "config": {
    "model_type": "xgboost",
    "model_params": {},
    "feature_selection": {
      "correlation_threshold": null,
      "top_k_features": 30,
      "selection_method": "anova",
      "scope": "global",
      "random_state": 42
    },
    "random_state": 42,
    "config_id": "xgboost_corrNone_k30_anova_glo"
  },
  "accuracy_mean": 0.7810378584171065,
  "accuracy_std": 0.06948684388226807,
  "kappa_mean": 0.5913257179794582,
  "kappa_std": 0.12491621731387316,
  "f1_macro_mean": 0.5342786818873342,
  "f1_macro_std": 0.08889011207964186,
  "f1_per_class_mean": {
    "Wake": 0.7843353257020602,
    "N1": 0.07212132171656571,
    "N2": 0.8472266427473769,
    "N3": 0.29964469494253093,
    "REM": 0.5564651319333249
  },
  "total_train_time": 0.0,
  "total_predict_time": 0.37090492248535156,
  "meets_accuracy_target": "False",
  "meets_kappa_target": "False",
  "meets_f1_target": "False",
  "n_folds": 128
}