{
  "config_id": "random_forest_corr0.75_k30_anova_glo",
  "config": {
    "model_type": "random_forest",
    "model_params": {},
    "feature_selection": {
      "correlation_threshold": 0.75,
      "top_k_features": 30,
      "selection_method": "anova",
      "scope": "global",
      "random_state": 42
    },
    "random_state": 42,
    "config_id": "random_forest_corr0.75_k30_anova_glo"
  },
  "accuracy_mean": 0.7927889338788605,
  "accuracy_std": 0.07410647014870334,
  "kappa_mean": 0.5997425874091018,
  "kappa_std": 0.13742140815830076,
  "f1_macro_mean": 0.5233674006738764,
  "f1_macro_std": 0.0919679243244855,
  "f1_per_class_mean": {
    "Wake": 0.7681576971043139,
    "N1": 0.05616802663846964,
    "N2": 0.8616619471729743,
    "N3": 0.2127801790364923,
    "REM": 0.5702389672789835
  },
  "total_train_time": 0.0,
  "total_predict_time": 10.642396688461304,
  "meets_accuracy_target": "False",
  "meets_kappa_target": "False",
  "meets_f1_target": "False",
  "n_folds": 128
}