{
  "config_id": "xgboost_corr0.75_kAll_anova_glo",
  "config": {
    "model_type": "xgboost",
    "model_params": {},
    "feature_selection": {
      "correlation_threshold": 0.75,
      "top_k_features": null,
      "selection_method": "anova",
      "scope": "global",
      "random_state": 42
    },
    "random_state": 42,
    "config_id": "xgboost_corr0.75_kAll_anova_glo"
  },
  "accuracy_mean": 0.821515897892076,
  "accuracy_std": 0.07243165315918466,
  "kappa_mean": 0.6717789606259323,
  "kappa_std": 0.12787041313435143,
  "f1_macro_mean": 0.5837997742986398,
  "f1_macro_std": 0.09332341785462286,
  "f1_per_class_mean": {
    "Wake": 0.8108224794980005,
    "N1": 0.1351317071702369,
    "N2": 0.8806952149630425,
    "N3": 0.28885995798476305,
    "REM": 0.66432965787354
  },
  "total_train_time": 0.0,
  "total_predict_time": 0.3961811065673828,
  "meets_accuracy_target": "False",
  "meets_kappa_target": "False",
  "meets_f1_target": "False",
  "n_folds": 128
}