{
  "config_id": "random_forest_corr0.9_k30_anova_glo",
  "config": {
    "model_type": "random_forest",
    "model_params": {},
    "feature_selection": {
      "correlation_threshold": 0.9,
      "top_k_features": 30,
      "selection_method": "anova",
      "scope": "global",
      "random_state": 42
    },
    "random_state": 42,
    "config_id": "random_forest_corr0.9_k30_anova_glo"
  },
  "accuracy_mean": 0.8074658150210712,
  "accuracy_std": 0.06740108231076176,
  "kappa_mean": 0.6332244368134583,
  "kappa_std": 0.12827065455407707,
  "f1_macro_mean": 0.5487066752015374,
  "f1_macro_std": 0.09261225279242519,
  "f1_per_class_mean": {
    "Wake": 0.796845370900871,
    "N1": 0.0764127309039495,
    "N2": 0.8692977086214014,
    "N3": 0.23654953902078318,
    "REM": 0.6379867344283937
  },
  "total_train_time": 0.0,
  "total_predict_time": 11.276658773422241,
  "meets_accuracy_target": "False",
  "meets_kappa_target": "False",
  "meets_f1_target": "False",
  "n_folds": 128
}