{
  "config_id": "xgboost_corrNone_kAll_anova_glo",
  "config": {
    "model_type": "xgboost",
    "model_params": {},
    "feature_selection": {
      "correlation_threshold": null,
      "top_k_features": null,
      "selection_method": "anova",
      "scope": "global",
      "random_state": 42
    },
    "random_state": 42,
    "config_id": "xgboost_corrNone_kAll_anova_glo"
  },
  "accuracy_mean": 0.8491104538076332,
  "accuracy_std": 0.06387299355307328,
  "kappa_mean": 0.7257859156585209,
  "kappa_std": 0.1097762101324419,
  "f1_macro_mean": 0.629448393841475,
  "f1_macro_std": 0.09050204858849811,
  "f1_per_class_mean": {
    "Wake": 0.8509217020561661,
    "N1": 0.1803812218866156,
    "N2": 0.8977335316992678,
    "N3": 0.3078492190157627,
    "REM": 0.7535042792651835
  },
  "total_train_time": 0.0,
  "total_predict_time": 0.4455132484436035,
  "meets_accuracy_target": "False",
  "meets_kappa_target": "False",
  "meets_f1_target": "False",
  "n_folds": 128
}