{
  "config_id": "xgboost_corr0.9_k50_anova_glo",
  "config": {
    "model_type": "xgboost",
    "model_params": {},
    "feature_selection": {
      "correlation_threshold": 0.9,
      "top_k_features": 50,
      "selection_method": "anova",
      "scope": "global",
      "random_state": 42
    },
    "random_state": 42,
    "config_id": "xgboost_corr0.9_k50_anova_glo"
  },
  "accuracy_mean": 0.8309475312381565,
  "accuracy_std": 0.06513305756312769,
  "kappa_mean": 0.6908414566558667,
  "kappa_std": 0.11225866516243957,
  "f1_macro_mean": 0.599260810879558,
  "f1_macro_std": 0.08695355891934671,
  "f1_per_class_mean": {
    "Wake": 0.8209592133903629,
    "N1": 0.15364620099793697,
    "N2": 0.8859727879186663,
    "N3": 0.2914371804872484,
    "REM": 0.6983966673199383
  },
  "total_train_time": 0.0,
  "total_predict_time": 0.41156554222106934,
  "meets_accuracy_target": "False",
  "meets_kappa_target": "False",
  "meets_f1_target": "False",
  "n_folds": 128
}