{
  "config_id": "random_forest_corrNone_k30_anova_glo",
  "config": {
    "model_type": "random_forest",
    "model_params": {},
    "feature_selection": {
      "correlation_threshold": null,
      "top_k_features": 30,
      "selection_method": "anova",
      "scope": "global",
      "random_state": 42
    },
    "random_state": 42,
    "config_id": "random_forest_corrNone_k30_anova_glo"
  },
  "accuracy_mean": 0.7693971472518616,
  "accuracy_std": 0.06987434382361721,
  "kappa_mean": 0.5489182987329901,
  "kappa_std": 0.13732004589204136,
  "f1_macro_mean": 0.5036028053341497,
  "f1_macro_std": 0.0884877365383887,
  "f1_per_class_mean": {
    "Wake": 0.7835944475500616,
    "N1": 0.04563448253387893,
    "N2": 0.8413140500598144,
    "N3": 0.2655192400386348,
    "REM": 0.46057413440490624
  },
  "total_train_time": 0.0,
  "total_predict_time": 11.530571460723877,
  "meets_accuracy_target": "False",
  "meets_kappa_target": "False",
  "meets_f1_target": "False",
  "n_folds": 128
}