{
  "config_id": "random_forest_corrNone_k50_anova_glo",
  "config": {
    "model_type": "random_forest",
    "model_params": {},
    "feature_selection": {
      "correlation_threshold": null,
      "top_k_features": 50,
      "selection_method": "anova",
      "scope": "global",
      "random_state": 42
    },
    "random_state": 42,
    "config_id": "random_forest_corrNone_k50_anova_glo"
  },
  "accuracy_mean": 0.8146989129441982,
  "accuracy_std": 0.06382605651641518,
  "kappa_mean": 0.6444487992848199,
  "kappa_std": 0.125452906179593,
  "f1_macro_mean": 0.5591675755323262,
  "f1_macro_std": 0.09010245706420619,
  "f1_per_class_mean": {
    "Wake": 0.8283357870156174,
    "N1": 0.0654572921867479,
    "N2": 0.8727276598784021,
    "N3": 0.254525812878287,
    "REM": 0.6347844358438275
  },
  "total_train_time": 8030.073859453201,
  "total_predict_time": 20.20596432685852,
  "meets_accuracy_target": "False",
  "meets_kappa_target": "False",
  "meets_f1_target": "False",
  "n_folds": 128
}