{
  "config_id": "random_forest_corrNone_k30_anova_glo",
  "config": {
    "model_type": "random_forest",
    "model_params": {},
    "feature_selection": {
      "correlation_threshold": null,
      "top_k_features": 30,
      "selection_method": "anova",
      "scope": "global",
      "random_state": 42
    },
    "random_state": 42,
    "config_id": "random_forest_corrNone_k30_anova_glo"
  },
  "accuracy_mean": 0.7724202103097891,
  "accuracy_std": 0.06917248309652031,
  "kappa_mean": 0.553852217946463,
  "kappa_std": 0.13870559308386343,
  "f1_macro_mean": 0.5051958932735869,
  "f1_macro_std": 0.09158843073701277,
  "f1_per_class_mean": {
    "Wake": 0.788388226767131,
    "N1": 0.04716200335024584,
    "N2": 0.8437273653142565,
    "N3": 0.25814919263098457,
    "REM": 0.46519496512239716
  },
  "total_train_time": 3937.7582533359528,
  "total_predict_time": 19.778425693511963,
  "meets_accuracy_target": "False",
  "meets_kappa_target": "False",
  "meets_f1_target": "False",
  "n_folds": 128
}